,TICKER,COMPANY,GICS_SECTOR,GICS_INDUSTRY,HQ,CIK,WIKI_URL
0,MMM,3M Company,Industrials,Industrial Conglomerates,"St. Paul, Minnesota",0000066740,https://en.wikipedia.org/wiki/3M
1,ABT,Abbott Laboratories,Health Care,Health Care Equipment,"North Chicago, Illinois",0000001800,https://en.wikipedia.org/wiki/Abbott_Laboratories
2,ABBV,AbbVie Inc.,Health Care,Pharmaceuticals,"North Chicago, Illinois",0001551152,https://en.wikipedia.org/wiki/AbbVie_Inc.
3,ABMD,ABIOMED Inc,Health Care,Health Care Equipment,"Danvers, Massachusetts",0000815094,https://en.wikipedia.org/wiki/Abiomed
4,ACN,Accenture plc,Information Technology,IT Consulting & Other Services,"Dublin, Ireland",0001467373,https://en.wikipedia.org/wiki/Accenture_plc
5,ATVI,Activision Blizzard,Communication Services,Interactive Home Entertainment,"Santa Monica, California",0000718877,https://en.wikipedia.org/wiki/Activision_Blizzard
6,ADBE,Adobe Inc.,Information Technology,Application Software,"San Jose, California",0000796343,https://en.wikipedia.org/wiki/Adobe_Inc.
7,AMD,Advanced Micro Devices Inc,Information Technology,Semiconductors,"Santa Clara, California",0000002488,https://en.wikipedia.org/wiki/Advanced_Micro_Devices_Inc
8,AAP,Advance Auto Parts,Consumer Discretionary,Automotive Retail,"Raleigh, North Carolina",0001158449,https://en.wikipedia.org/wiki/Advance_Auto_Parts
9,AES,AES Corp,Utilities,Independent Power Producers & Energy Traders,"Arlington, Virginia",0000874761,https://en.wikipedia.org/wiki/AES_Corp
10,AFL,AFLAC Inc,Financials,Life & Health Insurance,"Columbus, Georgia",0000004977,https://en.wikipedia.org/wiki/AFLAC_Inc
11,A,Agilent Technologies Inc,Health Care,Health Care Equipment,"Santa Clara, California",0001090872,https://en.wikipedia.org/wiki/Agilent_Technologies_Inc
12,APD,Air Products & Chemicals Inc,Materials,Industrial Gases,"Allentown, Pennsylvania",0000002969,https://en.wikipedia.org/wiki/Air_Products_%26_Chemicals_Inc
13,AKAM,Akamai Technologies Inc,Information Technology,Internet Services & Infrastructure,"Cambridge, Massachusetts",0001086222,https://en.wikipedia.org/wiki/Akamai_Technologies_Inc
14,ALK,Alaska Air Group Inc,Industrials,Airlines,"Seattle, Washington",0000766421,https://en.wikipedia.org/wiki/Alaska_Air_Group_Inc
15,ALB,Albemarle Corp,Materials,Specialty Chemicals,"Charlotte, North Carolina",0000915913,https://en.wikipedia.org/wiki/Albemarle_Corp
16,ARE,Alexandria Real Estate Equities,Real Estate,Office REITs,"Pasadena, California",0001035443,https://en.wikipedia.org/wiki/Alexandria_Real_Estate_Equities
17,ALXN,Alexion Pharmaceuticals,Health Care,Biotechnology,"Boston, Massachusetts",0000899866,https://en.wikipedia.org/wiki/Alexion_Pharmaceuticals
18,ALGN,Align Technology,Health Care,Health Care Supplies,"San Jose, California",0001097149,https://en.wikipedia.org/wiki/Align_Technology
19,ALLE,Allegion,Industrials,Building Products,"Dublin, Ireland",0001579241,https://en.wikipedia.org/wiki/Allegion
20,ADS,Alliance Data Systems,Information Technology,Data Processing & Outsourced Services,"Plano, Texas",0001101215,https://en.wikipedia.org/wiki/Alliance_Data_Systems
21,LNT,Alliant Energy Corp,Utilities,Electric Utilities,"Madison, Wisconsin",0000352541,https://en.wikipedia.org/wiki/Alliant_Energy_Corp
22,ALL,Allstate Corp,Financials,Property & Casualty Insurance,"Northfield Township, Illinois",0000899051,https://en.wikipedia.org/wiki/Allstate_Corp
23,GOOGL,Alphabet Inc. (Class A),Communication Services,Interactive Media & Services,"Mountain View, California",0001652044,https://en.wikipedia.org/wiki/Alphabet_Inc.
24,GOOG,Alphabet Inc. (Class C),Communication Services,Interactive Media & Services,"Mountain View, California",0001652044,https://en.wikipedia.org/wiki/Alphabet_Inc.
25,MO,Altria Group Inc,Consumer Staples,Tobacco,"Richmond, Virginia",0000764180,https://en.wikipedia.org/wiki/Altria_Group_Inc
26,AMZN,Amazon.com Inc.,Consumer Discretionary,Internet & Direct Marketing Retail,"Seattle, Washington",0001018724,https://en.wikipedia.org/wiki/Amazon.com_Inc.
27,AMCR,Amcor plc,Materials,Paper Packaging,"Warmley, Bristol, United Kingdom",0001748790,https://en.wikipedia.org/wiki/Amcor_plc
28,AEE,Ameren Corp,Utilities,Multi-Utilities,"St. Louis, Missouri",0001002910,https://en.wikipedia.org/wiki/Ameren_Corp
29,AAL,American Airlines Group,Industrials,Airlines,"Fort Worth, Texas",0000006201,https://en.wikipedia.org/wiki/American_Airlines_Group
30,AEP,American Electric Power,Utilities,Electric Utilities,"Columbus, Ohio",0000004904,https://en.wikipedia.org/wiki/American_Electric_Power
31,AXP,American Express Co,Financials,Consumer Finance,"New York, New York",0000004962,https://en.wikipedia.org/wiki/American_Express_Co
32,AIG,American International Group,Financials,Property & Casualty Insurance,"New York, New York",0000005272,https://en.wikipedia.org/wiki/American_International_Group
33,AMT,American Tower Corp.,Real Estate,Specialized REITs,"Boston, Massachusetts",0001053507,https://en.wikipedia.org/wiki/American_Tower_Corp.
34,AWK,American Water Works Company Inc,Utilities,Water Utilities,"Camden, New Jersey",0001410636,https://en.wikipedia.org/wiki/American_Water_Works
35,AMP,Ameriprise Financial,Financials,Asset Management & Custody Banks,"Minneapolis, Minnesota",0000820027,https://en.wikipedia.org/wiki/Ameriprise_Financial
36,ABC,AmerisourceBergen Corp,Health Care,Health Care Distributors,"Chesterbrook, Pennsylvania",0001140859,https://en.wikipedia.org/wiki/AmerisourceBergen_Corp
37,AME,AMETEK Inc.,Industrials,Electrical Components & Equipment,"Berwyn, Pennsylvania",0001037868,https://en.wikipedia.org/wiki/AMETEK_Inc.
38,AMGN,Amgen Inc.,Health Care,Biotechnology,"Thousand Oaks, California",0000318154,https://en.wikipedia.org/wiki/Amgen_Inc.
39,APH,Amphenol Corp,Information Technology,Electronic Components,"Wallingford, Connecticut",0000820313,https://en.wikipedia.org/wiki/Amphenol_Corp
40,ADI,"Analog Devices, Inc.",Information Technology,Semiconductors,"Norwood, Massachusetts",0000006281,"https://en.wikipedia.org/wiki/Analog_Devices,_Inc."
41,ANSS,ANSYS,Information Technology,Application Software,"Canonsburg, Pennsylvania",0001013462,https://en.wikipedia.org/wiki/ANSYS
42,ANTM,Anthem,Health Care,Managed Health Care,"Indianapolis, Indiana",0001156039,https://en.wikipedia.org/wiki/Anthem_(company)
43,AON,Aon plc,Financials,Insurance Brokers,"London, United Kingdom",0000315293,https://en.wikipedia.org/wiki/Aon_plc
44,AOS,A.O. Smith Corp,Industrials,Building Products,"Milwaukee, Wisconsin",0000091142,https://en.wikipedia.org/wiki/A.O._Smith_Corp
45,APA,Apache Corporation,Energy,Oil & Gas Exploration & Production,"Houston, Texas",0000006769,https://en.wikipedia.org/wiki/Apache_Corporation
46,AIV,Apartment Investment & Management,Real Estate,Residential REITs,"Denver, Colorado",0000922864,https://en.wikipedia.org/wiki/Apartment_Investment_%26_Management
47,AAPL,Apple Inc.,Information Technology,"Technology Hardware, Storage & Peripherals","Cupertino, California",0000320193,https://en.wikipedia.org/wiki/Apple_Inc.
48,AMAT,Applied Materials Inc.,Information Technology,Semiconductor Equipment,"Santa Clara, California",0000006951,https://en.wikipedia.org/wiki/Applied_Materials_Inc.
49,APTV,Aptiv PLC,Consumer Discretionary,Auto Parts & Equipment,"Dublin, Ireland",0001521332,https://en.wikipedia.org/wiki/Aptiv_PLC
50,ADM,Archer-Daniels-Midland Co,Consumer Staples,Agricultural Products,"Chicago, Illinois",0000007084,https://en.wikipedia.org/wiki/Archer-Daniels-Midland_Co
51,ANET,Arista Networks,Information Technology,Communications Equipment,"Santa Clara, California",0001596532,https://en.wikipedia.org/wiki/Arista_Networks
52,AJG,Arthur J. Gallagher & Co.,Financials,Insurance Brokers,"Itasca, Illinois",0000354190,https://en.wikipedia.org/wiki/Arthur_J._Gallagher_%26_Co.
53,AIZ,Assurant,Financials,Multi-line Insurance,"New York, New York",0001267238,https://en.wikipedia.org/wiki/Assurant
54,T,AT&T Inc.,Communication Services,Integrated Telecommunication Services,"Dallas, Texas",0000732717,https://en.wikipedia.org/wiki/AT%26T_Inc.
55,ATO,Atmos Energy,Utilities,Gas Utilities,"Dallas, Texas",0000731802,https://en.wikipedia.org/wiki/Atmos_Energy
56,ADSK,Autodesk Inc.,Information Technology,Application Software,"San Rafael, California",0000769397,https://en.wikipedia.org/wiki/Autodesk_Inc.
57,ADP,Automatic Data Processing,Information Technology,Internet Services & Infrastructure,"Roseland, New Jersey",0000008670,https://en.wikipedia.org/wiki/Automatic_Data_Processing
58,AZO,AutoZone Inc,Consumer Discretionary,Specialty Stores,"Memphis, Tennessee",0000866787,https://en.wikipedia.org/wiki/AutoZone_Inc
59,AVB,AvalonBay Communities,Real Estate,Residential REITs,"Arlington, Virginia[3]",0000915912,https://en.wikipedia.org/wiki/AvalonBay_Communities
60,AVY,Avery Dennison Corp,Materials,Paper Packaging,"Glendale, California",0000008818,https://en.wikipedia.org/wiki/Avery_Dennison_Corp
61,BKR,Baker Hughes Co,Energy,Oil & Gas Equipment & Services,"Houston, Texas",0001701605,https://en.wikipedia.org/wiki/Baker_Hughes
62,BLL,Ball Corp,Materials,Metal & Glass Containers,"Broomfield, Colorado",0000009389,https://en.wikipedia.org/wiki/Ball_Corp
63,BAC,Bank of America Corp,Financials,Diversified Banks,"Charlotte, North Carolina",0000070858,https://en.wikipedia.org/wiki/Bank_of_America_Corp
64,BK,The Bank of New York Mellon,Financials,Asset Management & Custody Banks,"New York, New York",0001390777,https://en.wikipedia.org/wiki/The_Bank_of_New_York_Mellon
65,BAX,Baxter International Inc.,Health Care,Health Care Equipment,"Deerfield, Illinois",0000010456,https://en.wikipedia.org/wiki/Baxter_International_Inc.
66,BDX,Becton Dickinson,Health Care,Health Care Equipment,"Franklin Lakes, New Jersey",0000010795,https://en.wikipedia.org/wiki/Becton_Dickinson
67,BRK.B,Berkshire Hathaway,Financials,Multi-Sector Holdings,"Omaha, Nebraska",0001067983,https://en.wikipedia.org/wiki/Berkshire_Hathaway
68,BBY,Best Buy Co. Inc.,Consumer Discretionary,Computer & Electronics Retail,"Richfield, Minnesota",0000764478,https://en.wikipedia.org/wiki/Best_Buy_Co._Inc.
69,BIIB,Biogen Inc.,Health Care,Biotechnology,"Cambridge, Massachusetts",0000875045,https://en.wikipedia.org/wiki/Biogen_Inc.
70,BLK,BlackRock,Financials,Asset Management & Custody Banks,"New York, New York",0001364742,https://en.wikipedia.org/wiki/BlackRock
71,BA,Boeing Company,Industrials,Aerospace & Defense,"Chicago, Illinois",0000012927,https://en.wikipedia.org/wiki/Boeing_Company
72,BKNG,Booking Holdings Inc,Consumer Discretionary,Internet & Direct Marketing Retail,"Norwalk, Connecticut",0001075531,https://en.wikipedia.org/wiki/Booking_Holdings_Inc
73,BWA,BorgWarner,Consumer Discretionary,Auto Parts & Equipment,"Auburn Hills, Michigan",0000908255,https://en.wikipedia.org/wiki/BorgWarner
74,BXP,Boston Properties,Real Estate,Office REITs,"Boston, Massachusetts",0001037540,https://en.wikipedia.org/wiki/Boston_Properties
75,BSX,Boston Scientific,Health Care,Health Care Equipment,"Marlborough, Massachusetts[4]",0000885725,https://en.wikipedia.org/wiki/Boston_Scientific
76,BMY,Bristol-Myers Squibb,Health Care,Health Care Distributors,"New York, New York",0000014272,https://en.wikipedia.org/wiki/Bristol-Myers_Squibb
77,AVGO,Broadcom Inc.,Information Technology,Semiconductors,"San Jose, California",0001730168,https://en.wikipedia.org/wiki/Broadcom_Inc.
78,BR,Broadridge Financial Solutions,Information Technology,Data Processing & Outsourced Services,"Lake Success, New York",0001383312,https://en.wikipedia.org/wiki/Broadridge_Financial_Solutions
79,BF.B,Brown-Forman Corp.,Consumer Staples,Distillers & Vintners,"Louisville, Kentucky",0000014693,https://en.wikipedia.org/wiki/Brown-Forman_Corp.
80,CHRW,C. H. Robinson Worldwide,Industrials,Air Freight & Logistics,"Eden Prairie, Minnesota",0001043277,https://en.wikipedia.org/wiki/C._H._Robinson_Worldwide
81,COG,Cabot Oil & Gas,Energy,Oil & Gas Exploration & Production,"Houston, Texas",0000858470,https://en.wikipedia.org/wiki/Cabot_Oil_%26_Gas
82,CDNS,Cadence Design Systems,Information Technology,Application Software,"San Jose, California",0000813672,https://en.wikipedia.org/wiki/Cadence_Design_Systems
83,CPB,Campbell Soup,Consumer Staples,Packaged Foods & Meats,"Camden, New Jersey",0000016732,https://en.wikipedia.org/wiki/Campbell_Soup
84,COF,Capital One Financial,Financials,Consumer Finance,"Tysons Corner, Virginia",0000927628,https://en.wikipedia.org/wiki/Capital_One_Financial
85,CAH,Cardinal Health Inc.,Health Care,Health Care Distributors,"Dublin, Ohio",0000721371,https://en.wikipedia.org/wiki/Cardinal_Health_Inc.
86,KMX,Carmax Inc,Consumer Discretionary,Specialty Stores,"Richmond, Virginia",0001170010,https://en.wikipedia.org/wiki/Carmax_Inc
87,CCL,Carnival Corp.,Consumer Discretionary,"Hotels, Resorts & Cruise Lines","Miami, Florida",0000815097,https://en.wikipedia.org/wiki/Carnival_Corp.
88,CARR,Carrier Global,Industrials,Building Products,"Palm Beach Gardens, Florida",0001783180,https://en.wikipedia.org/wiki/Carrier_Global
89,CAT,Caterpillar Inc.,Industrials,Construction Machinery & Heavy Trucks,"Deerfield, Illinois",0000018230,https://en.wikipedia.org/wiki/Caterpillar_Inc.
90,CBOE,Cboe Global Markets,Financials,Financial Exchanges & Data,"Chicago, Illinois",0001374310,https://en.wikipedia.org/wiki/Cboe_Global_Markets
91,CBRE,CBRE Group,Real Estate,Real Estate Services,"Los Angeles, California",0001138118,https://en.wikipedia.org/wiki/CBRE_Group
92,CDW,CDW,Information Technology,Technology Distributors,"Lincolnshire, Illinois",0001402057,https://en.wikipedia.org/wiki/CDW
93,CE,Celanese,Materials,Specialty Chemicals,"Irving, Texas",0001306830,https://en.wikipedia.org/wiki/Celanese
94,CNC,Centene Corporation,Health Care,Managed Health Care,"St Louis, Missouri",0001071739,https://en.wikipedia.org/wiki/Centene_Corporation
95,CNP,CenterPoint Energy,Utilities,Multi-Utilities,"Houston, Texas",0001130310,https://en.wikipedia.org/wiki/CenterPoint_Energy
96,CTL,CenturyLink Inc,Communication Services,Alternative Carriers,"Monroe, Louisiana",0000018926,https://en.wikipedia.org/wiki/CenturyLink_Inc
97,CERN,Cerner,Health Care,Health Care Technology,"North Kansas City, Missouri",0000804753,https://en.wikipedia.org/wiki/Cerner
98,CF,CF Industries Holdings Inc,Materials,Fertilizers & Agricultural Chemicals,"Deerfield, Illinois",0001324404,https://en.wikipedia.org/wiki/CF_Industries_Holdings_Inc
99,SCHW,Charles Schwab Corporation,Financials,Investment Banking & Brokerage,"San Francisco, California",0000316709,https://en.wikipedia.org/wiki/Charles_Schwab_Corporation
100,CHTR,Charter Communications,Communication Services,Cable & Satellite,"Stamford, Connecticut",0001091667,https://en.wikipedia.org/wiki/Charter_Communications
101,CVX,Chevron Corp.,Energy,Integrated Oil & Gas,"San Ramon, California",0000093410,https://en.wikipedia.org/wiki/Chevron_Corp.
102,CMG,Chipotle Mexican Grill,Consumer Discretionary,Restaurants,"Newport Beach, California",0001058090,https://en.wikipedia.org/wiki/Chipotle_Mexican_Grill
103,CB,Chubb Limited,Financials,Property & Casualty Insurance,"Zurich, Switzerland",0000896159,https://en.wikipedia.org/wiki/Chubb_Limited
104,CHD,Church & Dwight,Consumer Staples,Household Products,"Ewing, New Jersey",0000313927,https://en.wikipedia.org/wiki/Church_%26_Dwight
105,CI,CIGNA Corp.,Health Care,Managed Health Care,"Bloomfield, Connecticut",0000701221,https://en.wikipedia.org/wiki/CIGNA_Corp.
106,CINF,Cincinnati Financial,Financials,Property & Casualty Insurance,"Fairfield, Ohio",0000020286,https://en.wikipedia.org/wiki/Cincinnati_Financial
107,CTAS,Cintas Corporation,Industrials,Diversified Support Services,"Mason, Ohio",0000723254,https://en.wikipedia.org/wiki/Cintas_Corporation
108,CSCO,Cisco Systems,Information Technology,Communications Equipment,"San Jose, California",0000858877,https://en.wikipedia.org/wiki/Cisco_Systems
109,C,Citigroup Inc.,Financials,Diversified Banks,"New York, New York",0000831001,https://en.wikipedia.org/wiki/Citigroup_Inc.
110,CFG,Citizens Financial Group,Financials,Regional Banks,"Providence, Rhode Island",0000759944,https://en.wikipedia.org/wiki/Citizens_Financial_Group
111,CTXS,Citrix Systems,Information Technology,Application Software,"Fort Lauderdale, Florida",0000877890,https://en.wikipedia.org/wiki/Citrix_Systems
112,CLX,The Clorox Company,Consumer Staples,Household Products,"Oakland, California",0000021076,https://en.wikipedia.org/wiki/The_Clorox_Company
113,CME,CME Group Inc.,Financials,Financial Exchanges & Data,"Chicago, Illinois",0001156375,https://en.wikipedia.org/wiki/CME_Group_Inc.
114,CMS,CMS Energy,Utilities,Multi-Utilities,"Jackson, Michigan",0000811156,https://en.wikipedia.org/wiki/CMS_Energy
115,KO,Coca-Cola Company,Consumer Staples,Soft Drinks,"Atlanta, Georgia",0000021344,https://en.wikipedia.org/wiki/Coca-Cola_Company
116,CTSH,Cognizant Technology Solutions,Information Technology,IT Consulting & Other Services,"Teaneck, New Jersey",0001058290,https://en.wikipedia.org/wiki/Cognizant_Technology_Solutions
117,CL,Colgate-Palmolive,Consumer Staples,Household Products,"New York, New York",0000021665,https://en.wikipedia.org/wiki/Colgate-Palmolive
118,CMCSA,Comcast Corp.,Communication Services,Cable & Satellite,"Philadelphia, Pennsylvania",0001166691,https://en.wikipedia.org/wiki/Comcast_Corp.
119,CMA,Comerica Inc.,Financials,Diversified Banks,"Dallas, Texas",0000028412,https://en.wikipedia.org/wiki/Comerica_Inc.
120,CAG,Conagra Brands,Consumer Staples,Packaged Foods & Meats,"Chicago, Illinois",0000023217,https://en.wikipedia.org/wiki/Conagra_Brands
121,CXO,Concho Resources,Energy,Oil & Gas Exploration & Production,"Midland, Texas",0001358071,https://en.wikipedia.org/wiki/Concho_Resources
122,COP,ConocoPhillips,Energy,Oil & Gas Exploration & Production,"Houston, Texas",0001163165,https://en.wikipedia.org/wiki/ConocoPhillips
123,ED,Consolidated Edison,Utilities,Electric Utilities,"New York, New York",0001047862,https://en.wikipedia.org/wiki/Consolidated_Edison
124,STZ,Constellation Brands,Consumer Staples,Distillers & Vintners,"Victor, New York",0000016918,https://en.wikipedia.org/wiki/Constellation_Brands
125,COO,The Cooper Companies,Health Care,Health Care Supplies,"San Ramon, California",0000711404,https://en.wikipedia.org/wiki/The_Cooper_Companies
126,CPRT,Copart Inc,Industrials,Diversified Support Services,"Dallas, Texas",0000900075,https://en.wikipedia.org/wiki/Copart_Inc
127,GLW,Corning Inc.,Information Technology,Electronic Components,"Corning, New York",0000024741,https://en.wikipedia.org/wiki/Corning_Inc.
128,CTVA,Corteva,Materials,Fertilizers & Agricultural Chemicals,"Wilmington, Delaware",0001755672,https://en.wikipedia.org/wiki/Corteva
129,COST,Costco Wholesale Corp.,Consumer Staples,Hypermarkets & Super Centers,"Issaquah, Washington",0000909832,https://en.wikipedia.org/wiki/Costco_Wholesale_Corp.
130,COTY,"Coty, Inc",Consumer Staples,Personal Products,"New York, New York",0001024305,"https://en.wikipedia.org/wiki/Coty,_Inc"
131,CCI,Crown Castle International Corp.,Real Estate,Specialized REITs,"Houston, Texas",0001051470,https://en.wikipedia.org/wiki/Crown_Castle_International_Corp.
132,CSX,CSX Corp.,Industrials,Railroads,"Jacksonville, Florida",0000277948,https://en.wikipedia.org/wiki/CSX_Corp.
133,CMI,Cummins Inc.,Industrials,Industrial Machinery,"Columbus, Indiana",0000026172,https://en.wikipedia.org/wiki/Cummins_Inc.
134,CVS,CVS Health,Health Care,Health Care Services,"Woonsocket, Rhode Island",0000064803,https://en.wikipedia.org/wiki/CVS_Health
135,DHI,D. R. Horton,Consumer Discretionary,Homebuilding,"Fort Worth, Texas",0000882184,https://en.wikipedia.org/wiki/D._R._Horton
136,DHR,Danaher Corp.,Health Care,Health Care Equipment,"Washington, D.C.",0000313616,https://en.wikipedia.org/wiki/Danaher_Corp.
137,DRI,Darden Restaurants,Consumer Discretionary,Restaurants,"Orlando, Florida",0000940944,https://en.wikipedia.org/wiki/Darden_Restaurants
138,DVA,DaVita Inc.,Health Care,Health Care Facilities,"Denver, Colorado",0000927066,https://en.wikipedia.org/wiki/DaVita_Inc.
139,DE,Deere & Co.,Industrials,Agricultural & Farm Machinery,"Moline, Illinois",0000315189,https://en.wikipedia.org/wiki/Deere_%26_Co.
140,DAL,Delta Air Lines Inc.,Industrials,Airlines,"Atlanta, Georgia",0000027904,https://en.wikipedia.org/wiki/Delta_Air_Lines_Inc.
141,XRAY,Dentsply Sirona,Health Care,Health Care Supplies,"Charlotte, North Carolina",0000818479,https://en.wikipedia.org/wiki/Dentsply_Sirona
142,DVN,Devon Energy,Energy,Oil & Gas Exploration & Production,"Oklahoma City, Oklahoma",0001090012,https://en.wikipedia.org/wiki/Devon_Energy
143,DXCM,DexCom,Health Care,Health Care Equipment,"San Diego, California",0001093557,https://en.wikipedia.org/wiki/DexCom
144,FANG,Diamondback Energy,Energy,Oil & Gas Exploration & Production,"Midland, Texas",0001539838,https://en.wikipedia.org/wiki/Diamondback_Energy
145,DLR,Digital Realty Trust Inc,Real Estate,Specialized REITs,"San Francisco, California",0001297996,https://en.wikipedia.org/wiki/Digital_Realty_Trust
146,DFS,Discover Financial Services,Financials,Consumer Finance,"Riverwoods, Illinois",0001393612,https://en.wikipedia.org/wiki/Discover_Financial_Services
147,DISCA,"Discovery, Inc. (Class A)",Communication Services,Broadcasting,"Silver Spring, Maryland",0001437107,"https://en.wikipedia.org/wiki/Discovery,_Inc."
148,DISCK,"Discovery, Inc. (Class C)",Communication Services,Broadcasting,"Silver Spring, Maryland",0001437107,"https://en.wikipedia.org/wiki/Discovery,_Inc."
149,DISH,Dish Network,Communication Services,Cable & Satellite,"Meridian, Colorado",0001001082,https://en.wikipedia.org/wiki/Dish_Network
150,DG,Dollar General,Consumer Discretionary,General Merchandise Stores,"Goodlettsville, Tennessee",0000029534,https://en.wikipedia.org/wiki/Dollar_General
151,DLTR,Dollar Tree,Consumer Discretionary,General Merchandise Stores,"Chesapeake, Virginia",0000935703,https://en.wikipedia.org/wiki/Dollar_Tree
152,D,Dominion Energy,Utilities,Electric Utilities,"Richmond, Virginia",0000715957,https://en.wikipedia.org/wiki/Dominion_Energy
153,DPZ,Domino's Pizza,Consumer Discretionary,Restaurants,"Ann Arbor, Michigan",0001286681,https://en.wikipedia.org/wiki/Domino%27s_Pizza
154,DOV,Dover Corporation,Industrials,Industrial Machinery,"Downers Grove, Illinois",0000029905,https://en.wikipedia.org/wiki/Dover_Corporation
155,DOW,Dow Inc.,Materials,Commodity Chemicals,"Midland, Michigan",0001751788,https://en.wikipedia.org/wiki/Dow_Inc.
156,DTE,DTE Energy Co.,Utilities,Multi-Utilities,"Detroit, Michigan",0000936340,https://en.wikipedia.org/wiki/DTE_Energy_Co.
157,DUK,Duke Energy,Utilities,Electric Utilities,"Charlotte, North Carolina",0001326160,https://en.wikipedia.org/wiki/Duke_Energy
158,DRE,Duke Realty Corp,Real Estate,Industrial REITs,"Indianapolis, Indiana",0000783280,https://en.wikipedia.org/wiki/Duke_Realty_Corp
159,DD,DuPont de Nemours Inc,Materials,Specialty Chemicals,"Midland, Michigan",0001666700,https://en.wikipedia.org/wiki/DuPont_de_Nemours_Inc
160,DXC,DXC Technology,Information Technology,IT Consulting & Other Services,"Tysons Corner, Virginia",0001688568,https://en.wikipedia.org/wiki/DXC_Technology
161,ETFC,E*Trade,Financials,Investment Banking & Brokerage,"New York, New York",0001015780,https://en.wikipedia.org/wiki/E*Trade
162,EMN,Eastman Chemical,Materials,Diversified Chemicals,"Kingsport, Tennessee",0000915389,https://en.wikipedia.org/wiki/Eastman_Chemical
163,ETN,Eaton Corporation,Industrials,Electrical Components & Equipment,"Dublin, Ireland",0001551182,https://en.wikipedia.org/wiki/Eaton_Corporation
164,EBAY,eBay Inc.,Consumer Discretionary,Internet & Direct Marketing Retail,"San Jose, California",0001065088,https://en.wikipedia.org/wiki/EBay_Inc.
165,ECL,Ecolab Inc.,Materials,Specialty Chemicals,"St. Paul, Minnesota",0000031462,https://en.wikipedia.org/wiki/Ecolab_Inc.
166,EIX,Edison Int'l,Utilities,Electric Utilities,"Rosemead, California",0000827052,https://en.wikipedia.org/wiki/Edison_Int%27l
167,EW,Edwards Lifesciences,Health Care,Health Care Equipment,"Irvine, California",0001099800,https://en.wikipedia.org/wiki/Edwards_Lifesciences
168,EA,Electronic Arts,Communication Services,Interactive Home Entertainment,"Redwood City, California",0000712515,https://en.wikipedia.org/wiki/Electronic_Arts
169,EMR,Emerson Electric Company,Industrials,Electrical Components & Equipment,"Ferguson, Missouri",0000032604,https://en.wikipedia.org/wiki/Emerson_Electric_Company
170,ETR,Entergy Corp.,Utilities,Electric Utilities,"New Orleans, Louisiana",0000065984,https://en.wikipedia.org/wiki/Entergy_Corp.
171,EOG,EOG Resources,Energy,Oil & Gas Exploration & Production,"Houston, Texas",0000821189,https://en.wikipedia.org/wiki/EOG_Resources
172,EFX,Equifax Inc.,Industrials,Research & Consulting Services,"Atlanta, Georgia",0000033185,https://en.wikipedia.org/wiki/Equifax_Inc.
173,EQIX,Equinix,Real Estate,Specialized REITs,"Redwood City, California",0001101239,https://en.wikipedia.org/wiki/Equinix
174,EQR,Equity Residential,Real Estate,Residential REITs,"Chicago, Illinois",0000906107,https://en.wikipedia.org/wiki/Equity_Residential
175,ESS,"Essex Property Trust, Inc.",Real Estate,Residential REITs,"Palo Alto, California",0000920522,"https://en.wikipedia.org/wiki/Essex_Property_Trust,_Inc."
176,EL,Estée Lauder Companies,Consumer Staples,Personal Products,"New York, New York",0001001250,https://en.wikipedia.org/wiki/Est%C3%A9e_Lauder_Companies
177,EVRG,Evergy,Utilities,Electric Utilities,"Kansas City, Missouri",0001711269,https://en.wikipedia.org/wiki/Evergy
178,ES,Eversource Energy,Utilities,Multi-Utilities,"Springfield, Massachusetts",0000072741,https://en.wikipedia.org/wiki/Eversource_Energy
179,RE,Everest Re Group Ltd.,Financials,Reinsurance,"Hamilton, Bermuda",0001095073,https://en.wikipedia.org/wiki/Everest_Re
180,EXC,Exelon Corp.,Utilities,Multi-Utilities,"Chicago, Illinois",0001109357,https://en.wikipedia.org/wiki/Exelon_Corp.
181,EXPE,Expedia Group,Consumer Discretionary,Internet & Direct Marketing Retail,"Seattle, Washington",0001324424,https://en.wikipedia.org/wiki/Expedia_Group
182,EXPD,Expeditors,Industrials,Air Freight & Logistics,"Seattle, Washington",0000746515,https://en.wikipedia.org/wiki/Expeditors_International
183,EXR,Extra Space Storage,Real Estate,Specialized REITs,"Salt Lake City, Utah",0001289490,https://en.wikipedia.org/wiki/Extra_Space_Storage
184,XOM,Exxon Mobil Corp.,Energy,Integrated Oil & Gas,"Irving, Texas",0000034088,https://en.wikipedia.org/wiki/Exxon_Mobil_Corp.
185,FFIV,F5 Networks,Information Technology,Communications Equipment,"Seattle, Washington",0001048695,https://en.wikipedia.org/wiki/F5_Networks
186,FB,"Facebook, Inc.",Communication Services,Interactive Media & Services,"Menlo Park, California",0001326801,"https://en.wikipedia.org/wiki/Facebook,_Inc."
187,FAST,Fastenal Co,Industrials,Building Products,"Winona, Minnesota",0000815556,https://en.wikipedia.org/wiki/Fastenal_Co
188,FRT,Federal Realty Investment Trust,Real Estate,Retail REITs,"Rockville, Maryland",0000034903,https://en.wikipedia.org/wiki/Federal_Realty_Investment_Trust
189,FDX,FedEx Corporation,Industrials,Air Freight & Logistics,"Memphis, Tennessee",0001048911,https://en.wikipedia.org/wiki/FedEx_Corporation
190,FIS,Fidelity National Information Services,Information Technology,Data Processing & Outsourced Services,"Jacksonville, Florida",0001136893,https://en.wikipedia.org/wiki/Fidelity_National_Information_Services
191,FITB,Fifth Third Bancorp,Financials,Regional Banks,"Cincinnati, Ohio",0000035527,https://en.wikipedia.org/wiki/Fifth_Third_Bancorp
192,FE,FirstEnergy Corp,Utilities,Electric Utilities,"Akron, Ohio",0001031296,https://en.wikipedia.org/wiki/FirstEnergy_Corp
193,FRC,First Republic Bank,Financials,Regional Banks,"San Francisco, California",0001132979,https://en.wikipedia.org/wiki/First_Republic_Bank
194,FISV,Fiserv Inc,Information Technology,Data Processing & Outsourced Services,"Brookfield, Wisconsin",0000798354,https://en.wikipedia.org/wiki/Fiserv_Inc
195,FLT,FleetCor Technologies Inc,Information Technology,Data Processing & Outsourced Services,"Norcross, Georgia",0001175454,https://en.wikipedia.org/wiki/Fleetcor
196,FLIR,FLIR Systems,Information Technology,Electronic Equipment & Instruments,"Wilsonville, Oregon",0000354908,https://en.wikipedia.org/wiki/FLIR_Systems
197,FLS,Flowserve Corporation,Industrials,Industrial Machinery,"Irving, Texas",0000030625,https://en.wikipedia.org/wiki/Flowserve_Corporation
198,FMC,FMC Corporation,Materials,Fertilizers & Agricultural Chemicals,"Philadelphia, Pennsylvania",0000037785,https://en.wikipedia.org/wiki/FMC_Corporation
199,F,Ford Motor Company,Consumer Discretionary,Automobile Manufacturers,"Dearborn, Michigan",0000037996,https://en.wikipedia.org/wiki/Ford_Motor_Company
200,FTNT,Fortinet,Information Technology,Systems Software,"Sunnyvale, California",0001262039,https://en.wikipedia.org/wiki/Fortinet
201,FTV,Fortive Corp,Industrials,Industrial Machinery,"Everett, Washington",0001659166,https://en.wikipedia.org/wiki/Fortive_Corp
202,FBHS,Fortune Brands Home & Security,Industrials,Building Products,"Deerfield, Illinois",0001519751,https://en.wikipedia.org/wiki/Fortune_Brands_Home_%26_Security
203,FOXA,Fox Corporation (Class A),Communication Services,Movies & Entertainment,"New York, New York",0001308161,https://en.wikipedia.org/wiki/Fox_Corporation
204,FOX,Fox Corporation (Class B),Communication Services,Movies & Entertainment,"New York, New York",0001308161,https://en.wikipedia.org/wiki/Fox_Corporation
205,BEN,Franklin Resources,Financials,Asset Management & Custody Banks,"San Mateo, California",0000038777,https://en.wikipedia.org/wiki/Franklin_Resources
206,FCX,Freeport-McMoRan Inc.,Materials,Copper,"Phoenix, Arizona",0000831259,https://en.wikipedia.org/wiki/Freeport-McMoRan_Inc.
207,GPS,Gap Inc.,Consumer Discretionary,Apparel Retail,"San Francisco, California",0000039911,https://en.wikipedia.org/wiki/Gap_Inc.
208,GRMN,Garmin Ltd.,Consumer Discretionary,Consumer Electronics,"Schaffhausen, Switzerland",0001121788,https://en.wikipedia.org/wiki/Garmin_Ltd.
209,IT,Gartner Inc,Information Technology,IT Consulting & Other Services,"Stamford, Connecticut",0000749251,https://en.wikipedia.org/wiki/Gartner
210,GD,General Dynamics,Industrials,Aerospace & Defense,"Falls Church, Virginia",0000040533,https://en.wikipedia.org/wiki/General_Dynamics
211,GE,General Electric,Industrials,Industrial Conglomerates,"Boston, Massachusetts",0000040545,https://en.wikipedia.org/wiki/General_Electric
212,GIS,General Mills,Consumer Staples,Packaged Foods & Meats,"Golden Valley, Minnesota",0000040704,https://en.wikipedia.org/wiki/General_Mills
213,GM,General Motors,Consumer Discretionary,Automobile Manufacturers,"Detroit, Michigan",0001467858,https://en.wikipedia.org/wiki/General_Motors
214,GPC,Genuine Parts,Consumer Discretionary,Specialty Stores,"Atlanta, Georgia",0000040987,https://en.wikipedia.org/wiki/Genuine_Parts
215,GILD,Gilead Sciences,Health Care,Biotechnology,"Foster City, California",0000882095,https://en.wikipedia.org/wiki/Gilead_Sciences
216,GL,Globe Life Inc.,Financials,Life & Health Insurance,"McKinney, Texas",0000320335,https://en.wikipedia.org/wiki/Torchmark_Corp.
217,GPN,Global Payments Inc.,Information Technology,Data Processing & Outsourced Services,"Atlanta, Georgia",0001123360,https://en.wikipedia.org/wiki/Global_Payments_Inc.
218,GS,Goldman Sachs Group,Financials,Investment Banking & Brokerage,"New York, New York",0000886982,https://en.wikipedia.org/wiki/Goldman_Sachs_Group
219,GWW,Grainger (W.W.) Inc.,Industrials,Industrial Machinery,"Lake Forest, Illinois",0000277135,https://en.wikipedia.org/wiki/Grainger_(W.W.)_Inc.
220,HRB,H&R Block,Consumer Discretionary,Specialized Consumer Services,"Kansas City, Missouri",0000012659,https://en.wikipedia.org/wiki/H%26R_Block
221,HAL,Halliburton Co.,Energy,Oil & Gas Equipment & Services,"Houston, Texas",0000045012,https://en.wikipedia.org/wiki/Halliburton_Co.
222,HBI,Hanesbrands Inc,Consumer Discretionary,"Apparel, Accessories & Luxury Goods","Winston-Salem, North Carolina",0001359841,https://en.wikipedia.org/wiki/Hanesbrands_Inc
223,HOG,Harley-Davidson,Consumer Discretionary,Motorcycle Manufacturers,"Milwaukee, Wisconsin",0000793952,https://en.wikipedia.org/wiki/Harley-Davidson
224,HIG,Hartford Financial Svc.Gp.,Financials,Property & Casualty Insurance,"Hartford, Connecticut",0000874766,https://en.wikipedia.org/wiki/Hartford_Financial_Svc.Gp.
225,HAS,Hasbro Inc.,Consumer Discretionary,Leisure Products,"Pawtucket, Rhode Island",0000046080,https://en.wikipedia.org/wiki/Hasbro_Inc.
226,HCA,HCA Healthcare,Health Care,Health Care Facilities,"Nashville, Tennessee",0000860730,https://en.wikipedia.org/wiki/HCA_Healthcare
227,PEAK,Healthpeak Properties,Real Estate,Health Care REITs,"Long Beach, California",0000765880,https://en.wikipedia.org/wiki/Healthpeak_Properties
228,HSIC,Henry Schein,Health Care,Health Care Distributors,"Melville, New York",0001000228,https://en.wikipedia.org/wiki/Henry_Schein
229,HSY,The Hershey Company,Consumer Staples,Packaged Foods & Meats,"Hershey, Pennsylvania",0000047111,https://en.wikipedia.org/wiki/The_Hershey_Company
230,HES,Hess Corporation,Energy,Integrated Oil & Gas,"New York, New York",0000004447,https://en.wikipedia.org/wiki/Hess_Corporation
231,HPE,Hewlett Packard Enterprise,Information Technology,"Technology Hardware, Storage & Peripherals","Palo Alto, California",0001645590,https://en.wikipedia.org/wiki/Hewlett_Packard_Enterprise
232,HLT,Hilton Worldwide Holdings Inc,Consumer Discretionary,"Hotels, Resorts & Cruise Lines","Tysons Corner, Virginia",0001585689,https://en.wikipedia.org/wiki/Hilton_Worldwide_Holdings_Inc
233,HFC,HollyFrontier Corp,Energy,Oil & Gas Refining & Marketing,"Dallas, Texas",0000048039,https://en.wikipedia.org/wiki/HollyFrontier
234,HOLX,Hologic,Health Care,Health Care Equipment,"Marlborough, Massachusetts",0000859737,https://en.wikipedia.org/wiki/Hologic
235,HD,Home Depot,Consumer Discretionary,Home Improvement Retail,"Atlanta, Georgia",0000354950,https://en.wikipedia.org/wiki/Home_Depot
236,HON,Honeywell Int'l Inc.,Industrials,Industrial Conglomerates,"Morristown, New Jersey",0000773840,https://en.wikipedia.org/wiki/Honeywell_Int%27l_Inc.
237,HRL,Hormel Foods Corp.,Consumer Staples,Packaged Foods & Meats,"Austin, Minnesota",0000048465,https://en.wikipedia.org/wiki/Hormel_Foods_Corp.
238,HST,Host Hotels & Resorts,Real Estate,Hotel & Resort REITs,"Bethesda, Maryland",0001070750,https://en.wikipedia.org/wiki/Host_Hotels_%26_Resorts
239,HWM,Howmet Aerospace,Industrials,Aerospace & Defense,"New York, New York",0000004281,https://en.wikipedia.org/wiki/Howmet_Aerospace
240,HPQ,HP Inc.,Information Technology,"Technology Hardware, Storage & Peripherals","Palo Alto, California",0000047217,https://en.wikipedia.org/wiki/HP_Inc.
241,HUM,Humana Inc.,Health Care,Managed Health Care,"Louisville, Kentucky",0000049071,https://en.wikipedia.org/wiki/Humana_Inc.
242,HBAN,Huntington Bancshares,Financials,Regional Banks,"Columbus, Ohio",0000049196,https://en.wikipedia.org/wiki/Huntington_Bancshares
243,HII,Huntington Ingalls Industries,Industrials,Aerospace & Defense,"Newport News, Virginia",0001501585,https://en.wikipedia.org/wiki/Huntington_Ingalls_Industries
244,IEX,IDEX Corporation,Industrials,Industrial Machinery,"Lake Forest, Illinois",0000832101,https://en.wikipedia.org/wiki/IDEX_Corporation
245,IDXX,IDEXX Laboratories,Health Care,Health Care Equipment,"Westbrook, Maine",0000874716,https://en.wikipedia.org/wiki/Idexx_Laboratories
246,INFO,IHS Markit Ltd.,Industrials,Research & Consulting Services,"London, United Kingdom",0001598014,https://en.wikipedia.org/wiki/IHS_Markit
247,ITW,Illinois Tool Works,Industrials,Industrial Machinery,"Glenview, Illinois",0000049826,https://en.wikipedia.org/wiki/Illinois_Tool_Works
248,ILMN,Illumina Inc,Health Care,Life Sciences Tools & Services,"San Diego, California",0001110803,https://en.wikipedia.org/wiki/Illumina_(company)
249,INCY,Incyte,Health Care,Biotechnology,"Wilmington, Delaware",0000879169,https://en.wikipedia.org/wiki/Incyte
250,IR,Ingersoll Rand,Industrials,Industrial Machinery,"Milwaukee, Wisconsin",0001699150,https://en.wikipedia.org/wiki/Ingersoll_Rand
251,INTC,Intel Corp.,Information Technology,Semiconductors,"Santa Clara, California",0000050863,https://en.wikipedia.org/wiki/Intel_Corp.
252,ICE,Intercontinental Exchange,Financials,Financial Exchanges & Data,"Atlanta, Georgia",0001571949,https://en.wikipedia.org/wiki/Intercontinental_Exchange
253,IBM,International Business Machines,Information Technology,IT Consulting & Other Services,"Armonk, New York",0000051143,https://en.wikipedia.org/wiki/IBM
254,IP,International Paper,Materials,Paper Packaging,"Memphis, Tennessee",0000051434,https://en.wikipedia.org/wiki/International_Paper
255,IPG,Interpublic Group,Communication Services,Advertising,"New York, New York",0000051644,https://en.wikipedia.org/wiki/Interpublic_Group
256,IFF,Intl Flavors & Fragrances,Materials,Specialty Chemicals,"New York, New York",0000051253,https://en.wikipedia.org/wiki/Intl_Flavors_%26_Fragrances
257,INTU,Intuit Inc.,Information Technology,Application Software,"Mountain View, California",0000896878,https://en.wikipedia.org/wiki/Intuit_Inc.
258,ISRG,Intuitive Surgical Inc.,Health Care,Health Care Equipment,"Sunnyvale, California",0001035267,https://en.wikipedia.org/wiki/Intuitive_Surgical_Inc.
259,IVZ,Invesco Ltd.,Financials,Asset Management & Custody Banks,"Atlanta, Georgia",0000914208,https://en.wikipedia.org/wiki/Invesco_Ltd.
260,IPGP,IPG Photonics Corp.,Information Technology,Electronic Manufacturing Services,"Oxford, Massachusetts",0001111928,https://en.wikipedia.org/wiki/IPG_Photonics
261,IQV,IQVIA Holdings Inc.,Health Care,Life Sciences Tools & Services,"Durham, North Carolina",0001478242,https://en.wikipedia.org/wiki/IQVIA
262,IRM,Iron Mountain Incorporated,Real Estate,Specialized REITs,"Boston, Massachusetts",0001020569,https://en.wikipedia.org/wiki/Iron_Mountain_Incorporated
263,JKHY,Jack Henry & Associates,Information Technology,Data Processing & Outsourced Services,"Monett, Missouri",0000779152,https://en.wikipedia.org/wiki/Jack_Henry_%26_Associates
264,J,Jacobs Engineering Group,Industrials,Construction & Engineering,"Dallas, Texas",0000052988,https://en.wikipedia.org/wiki/Jacobs_Engineering_Group
265,JBHT,J. B. Hunt Transport Services,Industrials,Trucking,"Lowell, Arkansas",0000728535,https://en.wikipedia.org/wiki/J._B._Hunt_Transport_Services
266,SJM,JM Smucker,Consumer Staples,Packaged Foods & Meats,"Orrville, Ohio",0000091419,https://en.wikipedia.org/wiki/JM_Smucker
267,JNJ,Johnson & Johnson,Health Care,Pharmaceuticals,"New Brunswick, New Jersey",0000200406,https://en.wikipedia.org/wiki/Johnson_%26_Johnson
268,JCI,Johnson Controls International,Industrials,Building Products,"Cork, Ireland",0000833444,https://en.wikipedia.org/wiki/Johnson_Controls
269,JPM,JPMorgan Chase & Co.,Financials,Diversified Banks,"New York, New York",0000019617,https://en.wikipedia.org/wiki/JPMorgan_Chase_%26_Co.
270,JNPR,Juniper Networks,Information Technology,Communications Equipment,"Sunnyvale, California",0001043604,https://en.wikipedia.org/wiki/Juniper_Networks
271,KSU,Kansas City Southern,Industrials,Railroads,"Kansas City, Missouri",0000054480,https://en.wikipedia.org/wiki/Kansas_City_Southern_(company)
272,K,Kellogg Co.,Consumer Staples,Packaged Foods & Meats,"Battle Creek, Michigan",0000055067,https://en.wikipedia.org/wiki/Kellogg_Co.
273,KEY,KeyCorp,Financials,Regional Banks,"Cleveland, Ohio",0000091576,https://en.wikipedia.org/wiki/KeyCorp
274,KEYS,Keysight Technologies,Information Technology,Electronic Equipment & Instruments,"Santa Rosa, California",0001601046,https://en.wikipedia.org/wiki/Keysight_Technologies
275,KMB,Kimberly-Clark,Consumer Staples,Household Products,"Irving, Texas",0000055785,https://en.wikipedia.org/wiki/Kimberly-Clark
276,KIM,Kimco Realty,Real Estate,Retail REITs,"New Hyde Park, New York",0000879101,https://en.wikipedia.org/wiki/Kimco_Realty
277,KMI,Kinder Morgan,Energy,Oil & Gas Storage & Transportation,"Houston, Texas",0001506307,https://en.wikipedia.org/wiki/Kinder_Morgan
278,KLAC,KLA Corporation,Information Technology,Semiconductor Equipment,"Milpitas, California",0000319201,https://en.wikipedia.org/wiki/KLA_Corporation
279,KSS,Kohl's Corp.,Consumer Discretionary,General Merchandise Stores,"Menomonee Falls, Wisconsin",0000885639,https://en.wikipedia.org/wiki/Kohl%27s_Corp.
280,KHC,Kraft Heinz Co,Consumer Staples,Packaged Foods & Meats,"Chicago, Illinois; Pittsburgh, Pennsylvania",0001637459,https://en.wikipedia.org/wiki/Kraft_Heinz
281,KR,Kroger Co.,Consumer Staples,Food Retail,"Cincinnati, Ohio",0000056873,https://en.wikipedia.org/wiki/Kroger_Co.
282,LB,L Brands Inc.,Consumer Discretionary,Apparel Retail,"Columbus, Ohio",0000701985,https://en.wikipedia.org/wiki/L_Brands_Inc.
283,LHX,L3Harris Technologies,Industrials,Aerospace & Defense,"Melbourne, Florida",0000202058,https://en.wikipedia.org/wiki/L3Harris_Technologies
284,LH,Laboratory Corp. of America Holding,Health Care,Health Care Services,"Burlington, North Carolina",0000920148,https://en.wikipedia.org/wiki/Laboratory_Corp._of_America_Holding
285,LRCX,Lam Research,Information Technology,Semiconductor Equipment,"Fremont, California",0000707549,https://en.wikipedia.org/wiki/Lam_Research
286,LW,Lamb Weston Holdings Inc,Consumer Staples,Packaged Foods & Meats,"Eagle, Idaho",0001679273,https://en.wikipedia.org/wiki/Lamb_Weston_Holdings_Inc
287,LVS,Las Vegas Sands,Consumer Discretionary,Casinos & Gaming,"Las Vegas, Nevada",0001300514,https://en.wikipedia.org/wiki/Las_Vegas_Sands
288,LEG,Leggett & Platt,Consumer Discretionary,Home Furnishings,"Carthage, Missouri",0000058492,https://en.wikipedia.org/wiki/Leggett_%26_Platt
289,LDOS,Leidos Holdings,Information Technology,IT Consulting & Other Services,"Reston, Virginia",0001336920,https://en.wikipedia.org/wiki/Leidos_Holdings
290,LEN,Lennar Corp.,Consumer Discretionary,Homebuilding,"Miami, Florida",0000920760,https://en.wikipedia.org/wiki/Lennar_Corp.
291,LLY,Lilly (Eli) & Co.,Health Care,Pharmaceuticals,"Indianapolis, Indiana",0000059478,https://en.wikipedia.org/wiki/Lilly_(Eli)_%26_Co.
292,LNC,Lincoln National,Financials,Multi-line Insurance,"Radnor, Pennsylvania",0000059558,https://en.wikipedia.org/wiki/Lincoln_National
293,LIN,Linde plc,Materials,Industrial Gases,"Guildford, Surrey, United Kingdom",0001707925,https://en.wikipedia.org/wiki/Linde_plc
294,LYV,Live Nation Entertainment,Communication Services,Movies & Entertainment,"Beverly Hills, California",0001335258,https://en.wikipedia.org/wiki/Live_Nation_Entertainment
295,LKQ,LKQ Corporation,Consumer Discretionary,Distributors,"Chicago, Illinois",0001065696,https://en.wikipedia.org/wiki/LKQ_Corporation
296,LMT,Lockheed Martin Corp.,Industrials,Aerospace & Defense,"Bethesda, Maryland",0000936468,https://en.wikipedia.org/wiki/Lockheed_Martin_Corp.
297,L,Loews Corp.,Financials,Multi-line Insurance,"New York, New York",0000060086,https://en.wikipedia.org/wiki/Loews_Corp.
298,LOW,Lowe's Cos.,Consumer Discretionary,Home Improvement Retail,"Mooresville, North Carolina",0000060667,https://en.wikipedia.org/wiki/Lowe%27s_Cos.
299,LYB,LyondellBasell,Materials,Specialty Chemicals,"Rotterdam, Netherlands",0001489393,https://en.wikipedia.org/wiki/LyondellBasell
300,MTB,M&T Bank Corp.,Financials,Regional Banks,"Buffalo, New York",0000036270,https://en.wikipedia.org/wiki/M%26T_Bank_Corp.
301,MRO,Marathon Oil Corp.,Energy,Oil & Gas Exploration & Production,"Houston, Texas",0000101778,https://en.wikipedia.org/wiki/Marathon_Oil_Corp.
302,MPC,Marathon Petroleum,Energy,Oil & Gas Refining & Marketing,"Findlay, Ohio",0001510295,https://en.wikipedia.org/wiki/Marathon_Petroleum
303,MKTX,MarketAxess,Financials,Financial Exchanges & Data,"New York, New York",0001278021,https://en.wikipedia.org/wiki/MarketAxess
304,MAR,Marriott Int'l.,Consumer Discretionary,"Hotels, Resorts & Cruise Lines","Bethesda, Maryland",0001048286,https://en.wikipedia.org/wiki/Marriott_Int%27l.
305,MMC,Marsh & McLennan,Financials,Insurance Brokers,"New York, New York",0000062709,https://en.wikipedia.org/wiki/Marsh_%26_McLennan
306,MLM,Martin Marietta Materials,Materials,Construction Materials,"Raleigh, North Carolina",0000916076,https://en.wikipedia.org/wiki/Martin_Marietta_Materials
307,MAS,Masco Corp.,Industrials,Building Products,"Livonia, Michigan",0000062996,https://en.wikipedia.org/wiki/Masco_Corp.
308,MA,Mastercard Inc.,Information Technology,Data Processing & Outsourced Services,"Harrison, New York",0001141391,https://en.wikipedia.org/wiki/Mastercard_Inc.
309,MKC,McCormick & Co.,Consumer Staples,Packaged Foods & Meats,"Hunt Valley, Maryland",0000063754,https://en.wikipedia.org/wiki/McCormick_%26_Co.
310,MXIM,Maxim Integrated Products Inc,Information Technology,Semiconductors,"San Jose, California",0000743316,https://en.wikipedia.org/wiki/Maxim_Integrated
311,MCD,McDonald's Corp.,Consumer Discretionary,Restaurants,"Chicago, Illinois",0000063908,https://en.wikipedia.org/wiki/McDonald%27s_Corp.
312,MCK,McKesson Corp.,Health Care,Health Care Distributors,"Irving, Texas",0000927653,https://en.wikipedia.org/wiki/McKesson_Corp.
313,MDT,Medtronic plc,Health Care,Health Care Equipment,"Dublin, Ireland",0001613103,https://en.wikipedia.org/wiki/Medtronic_plc
314,MRK,Merck & Co.,Health Care,Pharmaceuticals,"Kenilworth, New Jersey",0000310158,https://en.wikipedia.org/wiki/Merck_%26_Co.
315,MET,MetLife Inc.,Financials,Life & Health Insurance,"New York, New York",0001099219,https://en.wikipedia.org/wiki/MetLife_Inc.
316,MTD,Mettler Toledo,Health Care,Life Sciences Tools & Services,"Columbus, Ohio",0001037646,https://en.wikipedia.org/wiki/Mettler_Toledo
317,MGM,MGM Resorts International,Consumer Discretionary,Casinos & Gaming,"Paradise, Nevada",0000789570,https://en.wikipedia.org/wiki/MGM_Resorts_International
318,MCHP,Microchip Technology,Information Technology,Semiconductors,"Chandler, Arizona",0000827054,https://en.wikipedia.org/wiki/Microchip_Technology
319,MU,Micron Technology,Information Technology,Semiconductors,"Boise, Idaho",0000723125,https://en.wikipedia.org/wiki/Micron_Technology
320,MSFT,Microsoft Corp.,Information Technology,Systems Software,"Redmond, Washington",0000789019,https://en.wikipedia.org/wiki/Microsoft_Corp.
321,MAA,Mid-America Apartments,Real Estate,Residential REITs,"Memphis, Tennessee",0000912595,https://en.wikipedia.org/wiki/Mid-America_Apartments
322,MHK,Mohawk Industries,Consumer Discretionary,Home Furnishings,"Calhoun, Georgia",0000851968,https://en.wikipedia.org/wiki/Mohawk_Industries
323,TAP,Molson Coors Brewing Company,Consumer Staples,Brewers,"Denver, Colorado",0000024545,https://en.wikipedia.org/wiki/Molson_Coors_Brewing_Company
324,MDLZ,Mondelez International,Consumer Staples,Packaged Foods & Meats,"Chicago, Illinois",0001103982,https://en.wikipedia.org/wiki/Mondelez_International
325,MNST,Monster Beverage,Consumer Staples,Soft Drinks,"Corona, California",0000865752,https://en.wikipedia.org/wiki/Monster_Beverage
326,MCO,Moody's Corp,Financials,Financial Exchanges & Data,"New York, New York",0001059556,https://en.wikipedia.org/wiki/Moody%27s_Corp
327,MS,Morgan Stanley,Financials,Investment Banking & Brokerage,"New York, New York",0000895421,https://en.wikipedia.org/wiki/Morgan_Stanley
328,MOS,The Mosaic Company,Materials,Fertilizers & Agricultural Chemicals,"Tampa, Florida",0001285785,https://en.wikipedia.org/wiki/The_Mosaic_Company
329,MSI,Motorola Solutions Inc.,Information Technology,Communications Equipment,"Chicago, Illinois",0000068505,https://en.wikipedia.org/wiki/Motorola_Solutions_Inc.
330,MSCI,MSCI Inc,Financials,Financial Exchanges & Data,"New York, New York",0001408198,https://en.wikipedia.org/wiki/MSCI_Inc
331,MYL,Mylan N.V.,Health Care,Pharmaceuticals,"Amsterdam, Netherlands",0001623613,https://en.wikipedia.org/wiki/Mylan_N.V.
332,NDAQ,"Nasdaq, Inc.",Financials,Financial Exchanges & Data,"New York, New York",0001120193,"https://en.wikipedia.org/wiki/Nasdaq,_Inc."
333,NOV,National Oilwell Varco Inc.,Energy,Oil & Gas Equipment & Services,"Houston, Texas",0001021860,https://en.wikipedia.org/wiki/National_Oilwell_Varco_Inc.
334,NTAP,NetApp,Information Technology,"Technology Hardware, Storage & Peripherals","Sunnyvale, California",0001002047,https://en.wikipedia.org/wiki/NetApp
335,NFLX,Netflix Inc.,Communication Services,Movies & Entertainment,"Los Gatos, California",0001065280,https://en.wikipedia.org/wiki/Netflix_Inc.
336,NWL,Newell Brands,Consumer Discretionary,Housewares & Specialties,"Atlanta, Georgia",0000814453,https://en.wikipedia.org/wiki/Newell_Brands
337,NEM,Newmont Corporation,Materials,Gold,"Denver, Colorado",0001164727,https://en.wikipedia.org/wiki/Newmont_Corporation
338,NWSA,News Corp. Class A,Communication Services,Publishing,"New York, New York",0001564708,https://en.wikipedia.org/wiki/News_Corp._Class_A
339,NWS,News Corp. Class B,Communication Services,Publishing,"New York, New York",0001564708,https://en.wikipedia.org/wiki/News_Corp._Class_B
340,NEE,NextEra Energy,Utilities,Multi-Utilities,"Juno Beach, Florida",0000753308,https://en.wikipedia.org/wiki/NextEra_Energy
341,NLSN,Nielsen Holdings,Industrials,Research & Consulting Services,"New York, New York",0001492633,https://en.wikipedia.org/wiki/Nielsen_Holdings
342,NKE,Nike,Consumer Discretionary,"Apparel, Accessories & Luxury Goods","Washington County, Oregon",0000320187,https://en.wikipedia.org/wiki/Nike_(company)
343,NI,NiSource Inc.,Utilities,Multi-Utilities,"Merrillville, Indiana",0001111711,https://en.wikipedia.org/wiki/NiSource_Inc.
344,NBL,Noble Energy Inc,Energy,Oil & Gas Exploration & Production,"Houston, Texas",0000072207,https://en.wikipedia.org/wiki/Noble_Energy_Inc
345,JWN,Nordstrom,Consumer Discretionary,Department Stores,"Seattle, Washington",0000072333,https://en.wikipedia.org/wiki/Nordstrom
346,NSC,Norfolk Southern Corp.,Industrials,Railroads,"Norfolk, Virginia",0000702165,https://en.wikipedia.org/wiki/Norfolk_Southern_Corp.
347,NTRS,Northern Trust Corp.,Financials,Asset Management & Custody Banks,"Chicago, Illinois",0000073124,https://en.wikipedia.org/wiki/Northern_Trust_Corp.
348,NOC,Northrop Grumman,Industrials,Aerospace & Defense,"West Falls Church, Virginia",0001133421,https://en.wikipedia.org/wiki/Northrop_Grumman
349,NLOK,NortonLifeLock,Information Technology,Application Software,"Tempe, Arizona",0000849399,https://en.wikipedia.org/wiki/NortonLifeLock
350,NCLH,Norwegian Cruise Line Holdings,Consumer Discretionary,"Hotels, Resorts & Cruise Lines","Miami, Florida",0001513761,https://en.wikipedia.org/wiki/Norwegian_Cruise_Line_Holdings
351,NRG,NRG Energy,Utilities,Independent Power Producers & Energy Traders,"Princeton, New Jersey",0001013871,https://en.wikipedia.org/wiki/NRG_Energy
352,NUE,Nucor Corp.,Materials,Steel,"Charlotte, North Carolina",0000073309,https://en.wikipedia.org/wiki/Nucor_Corp.
353,NVDA,Nvidia Corporation,Information Technology,Semiconductors,"Santa Clara, California",0001045810,https://en.wikipedia.org/wiki/Nvidia_Corporation
354,NVR,NVR Inc,Consumer Discretionary,Homebuilding,"Reston, VA",0000906163,https://en.wikipedia.org/wiki/NVR_Inc
355,ORLY,O'Reilly Automotive,Consumer Discretionary,Specialty Stores,"Springfield, Missouri",0000898173,https://en.wikipedia.org/wiki/O%27Reilly_Automotive
356,OXY,Occidental Petroleum,Energy,Oil & Gas Exploration & Production,"Houston, Texas",0000797468,https://en.wikipedia.org/wiki/Occidental_Petroleum
357,ODFL,Old Dominion Freight Line,Industrials,Trucking,"Thomasville, North Carolina",0000878927,https://en.wikipedia.org/wiki/Old_Dominion_Freight_Line
358,OMC,Omnicom Group,Communication Services,Advertising,"New York, New York",0000029989,https://en.wikipedia.org/wiki/Omnicom_Group
359,OKE,ONEOK,Energy,Oil & Gas Storage & Transportation,"Tulsa, Oklahoma",0001039684,https://en.wikipedia.org/wiki/ONEOK
360,ORCL,Oracle Corp.,Information Technology,Application Software,"Redwood Shores, California",0001341439,https://en.wikipedia.org/wiki/Oracle_Corp.
361,OTIS,Otis Worldwide,Industrials,Industrial Machinery,"Farmington, Connecticut",0001781335,https://en.wikipedia.org/wiki/Otis_Worldwide
362,PCAR,PACCAR Inc.,Industrials,Construction Machinery & Heavy Trucks,"Bellevue, Washington",0000075362,https://en.wikipedia.org/wiki/PACCAR_Inc.
363,PKG,Packaging Corporation of America,Materials,Paper Packaging,"Lake Forest, Illinois",0000075677,https://en.wikipedia.org/wiki/Packaging_Corporation_of_America
364,PH,Parker-Hannifin,Industrials,Industrial Machinery,"Cleveland, Ohio",0000076334,https://en.wikipedia.org/wiki/Parker-Hannifin
365,PAYX,Paychex Inc.,Information Technology,Data Processing & Outsourced Services,"Penfield, New York",0000723531,https://en.wikipedia.org/wiki/Paychex_Inc.
366,PAYC,Paycom,Information Technology,Application Software,"Oklahoma City, Oklahoma",0001590955,https://en.wikipedia.org/wiki/Paycom
367,PYPL,PayPal,Information Technology,Data Processing & Outsourced Services,"San Jose, California",0001633917,https://en.wikipedia.org/wiki/PayPal
368,PNR,Pentair plc,Industrials,Industrial Machinery,"Worsley, UK",0000077360,https://en.wikipedia.org/wiki/Pentair
369,PBCT,People's United Financial,Financials,Thrifts & Mortgage Finance,"Bridgeport, Connecticut",0001378946,https://en.wikipedia.org/wiki/People%27s_United_Financial
370,PEP,PepsiCo Inc.,Consumer Staples,Soft Drinks,"Purchase, New York",0000077476,https://en.wikipedia.org/wiki/PepsiCo_Inc.
371,PKI,PerkinElmer,Health Care,Health Care Equipment,"Waltham, Massachusetts",0000031791,https://en.wikipedia.org/wiki/PerkinElmer
372,PRGO,Perrigo,Health Care,Pharmaceuticals,"Dublin, Ireland",0001585364,https://en.wikipedia.org/wiki/Perrigo
373,PFE,Pfizer Inc.,Health Care,Pharmaceuticals,"New York, New York",0000078003,https://en.wikipedia.org/wiki/Pfizer_Inc.
374,PM,Philip Morris International,Consumer Staples,Tobacco,"New York, New York",0001413329,https://en.wikipedia.org/wiki/Philip_Morris_International
375,PSX,Phillips 66,Energy,Oil & Gas Refining & Marketing,"Houston, Texas",0001534701,https://en.wikipedia.org/wiki/Phillips_66
376,PNW,Pinnacle West Capital,Utilities,Multi-Utilities,"Phoenix, Arizona",0000764622,https://en.wikipedia.org/wiki/Pinnacle_West_Capital
377,PXD,Pioneer Natural Resources,Energy,Oil & Gas Exploration & Production,"Irving, Texas",0001038357,https://en.wikipedia.org/wiki/Pioneer_Natural_Resources
378,PNC,PNC Financial Services,Financials,Regional Banks,"Pittsburgh, Pennsylvania",0000713676,https://en.wikipedia.org/wiki/PNC_Financial_Services
379,PPG,PPG Industries,Materials,Specialty Chemicals,"Pittsburgh, Pennsylvania",0000079879,https://en.wikipedia.org/wiki/PPG_Industries
380,PPL,PPL Corp.,Utilities,Electric Utilities,"Allentown, Pennsylvania",0000922224,https://en.wikipedia.org/wiki/PPL_Corp.
381,PFG,Principal Financial Group,Financials,Life & Health Insurance,"Des Moines, Iowa",0001126328,https://en.wikipedia.org/wiki/Principal_Financial_Group
382,PG,Procter & Gamble,Consumer Staples,Personal Products,"Cincinnati, Ohio",0000080424,https://en.wikipedia.org/wiki/Procter_%26_Gamble
383,PGR,Progressive Corp.,Financials,Property & Casualty Insurance,"Mayfield Village, Ohio",0000080661,https://en.wikipedia.org/wiki/Progressive_Corp.
384,PLD,Prologis,Real Estate,Industrial REITs,"San Francisco, California",0001045609,https://en.wikipedia.org/wiki/Prologis
385,PRU,Prudential Financial,Financials,Life & Health Insurance,"Newark, New Jersey",0001137774,https://en.wikipedia.org/wiki/Prudential_Financial
386,PEG,Public Serv. Enterprise Inc.,Utilities,Electric Utilities,"Newark, New Jersey",0000788784,https://en.wikipedia.org/wiki/Public_Serv._Enterprise_Inc.
387,PSA,Public Storage,Real Estate,Specialized REITs,"Glendale, California",0001393311,https://en.wikipedia.org/wiki/Public_Storage
388,PHM,PulteGroup,Consumer Discretionary,Homebuilding,"Atlanta, Georgia",0000822416,https://en.wikipedia.org/wiki/PulteGroup
389,PVH,PVH Corp.,Consumer Discretionary,"Apparel, Accessories & Luxury Goods","New York, New York",0000078239,https://en.wikipedia.org/wiki/PVH_Corp.
390,QRVO,Qorvo,Information Technology,Semiconductors,"Greensboro, North Carolina",0001604778,https://en.wikipedia.org/wiki/Qorvo
391,PWR,Quanta Services Inc.,Industrials,Construction & Engineering,"Houston, Texas",0001050915,https://en.wikipedia.org/wiki/Quanta_Services_Inc.
392,QCOM,QUALCOMM Inc.,Information Technology,Semiconductors,"San Diego, California",0000804328,https://en.wikipedia.org/wiki/QUALCOMM_Inc.
393,DGX,Quest Diagnostics,Health Care,Health Care Services,"Secaucus, New Jersey",0001022079,https://en.wikipedia.org/wiki/Quest_Diagnostics
394,RL,Ralph Lauren Corporation,Consumer Discretionary,"Apparel, Accessories & Luxury Goods","New York, New York",0001037038,https://en.wikipedia.org/wiki/Ralph_Lauren_Corporation
395,RJF,Raymond James Financial Inc.,Financials,Investment Banking & Brokerage,"St. Petersburg, Florida",0000720005,https://en.wikipedia.org/wiki/Raymond_James_Financial_Inc.
396,RTX,Raytheon Technologies,Industrials,Aerospace & Defense,"Waltham, Massachusetts",0000101829,https://en.wikipedia.org/wiki/Raytheon_Technologies
397,O,Realty Income Corporation,Real Estate,Retail REITs,"San Diego, California",0000726728,https://en.wikipedia.org/wiki/Realty_Income_Corporation
398,REG,Regency Centers Corporation,Real Estate,Retail REITs,"Jacksonville, Florida",0000910606,https://en.wikipedia.org/wiki/Regency_Centers_Corporation
399,REGN,Regeneron Pharmaceuticals,Health Care,Biotechnology,"Tarrytown, New York",0000872589,https://en.wikipedia.org/wiki/Regeneron_Pharmaceuticals
400,RF,Regions Financial Corp.,Financials,Regional Banks,"Birmingham, Alabama",0001281761,https://en.wikipedia.org/wiki/Regions_Financial_Corp.
401,RSG,Republic Services Inc,Industrials,Environmental & Facilities Services,"Phoenix, Arizona",0001060391,https://en.wikipedia.org/wiki/Republic_Services_Inc
402,RMD,ResMed,Health Care,Health Care Equipment,"San Diego, California",0000943819,https://en.wikipedia.org/wiki/ResMed
403,RHI,Robert Half International,Industrials,Human Resource & Employment Services,"Menlo Park, California",0000315213,https://en.wikipedia.org/wiki/Robert_Half_International
404,ROK,Rockwell Automation Inc.,Industrials,Electrical Components & Equipment,"Milwaukee, Wisconsin",0001024478,https://en.wikipedia.org/wiki/Rockwell_Automation_Inc.
405,ROL,Rollins Inc.,Industrials,Environmental & Facilities Services,"Atlanta, Georgia",0000084839,https://en.wikipedia.org/wiki/Rollins_Inc.
406,ROP,Roper Technologies,Industrials,Industrial Conglomerates,"Sarasota, Florida",0000882835,https://en.wikipedia.org/wiki/Roper_Technologies
407,ROST,Ross Stores,Consumer Discretionary,Apparel Retail,"Dublin, California",0000745732,https://en.wikipedia.org/wiki/Ross_Stores
408,RCL,Royal Caribbean Cruises Ltd,Consumer Discretionary,"Hotels, Resorts & Cruise Lines","Miami, Florida",0000884887,https://en.wikipedia.org/wiki/Royal_Caribbean_Cruises_Ltd
409,SPGI,"S&P Global, Inc.",Financials,Financial Exchanges & Data,"New York, New York",0000064040,"https://en.wikipedia.org/wiki/S%26P_Global,_Inc."
410,CRM,Salesforce.com,Information Technology,Application Software,"San Francisco, California",0001108524,https://en.wikipedia.org/wiki/Salesforce.com
411,SBAC,SBA Communications,Real Estate,Specialized REITs,"Boca Raton, Florida",0001034054,https://en.wikipedia.org/wiki/SBA_Communications
412,SLB,Schlumberger Ltd.,Energy,Oil & Gas Equipment & Services,"Curaçao, Kingdom of the Netherlands",0000087347,https://en.wikipedia.org/wiki/Schlumberger_Ltd.
413,STX,Seagate Technology,Information Technology,"Technology Hardware, Storage & Peripherals","Dublin, Ireland",0001137789,https://en.wikipedia.org/wiki/Seagate_Technology
414,SEE,Sealed Air,Materials,Paper Packaging,"Charlotte, North Carolina",0001012100,https://en.wikipedia.org/wiki/Sealed_Air
415,SRE,Sempra Energy,Utilities,Multi-Utilities,"San Diego, California",0001032208,https://en.wikipedia.org/wiki/Sempra_Energy
416,NOW,ServiceNow,Information Technology,Systems Software,"Santa Clara, California",0001373715,https://en.wikipedia.org/wiki/ServiceNow
417,SHW,Sherwin-Williams,Materials,Specialty Chemicals,"Cleveland, Ohio",0000089800,https://en.wikipedia.org/wiki/Sherwin-Williams
418,SPG,Simon Property Group Inc,Real Estate,Retail REITs,"Indianapolis, Indiana",0001063761,https://en.wikipedia.org/wiki/Simon_Property_Group_Inc
419,SWKS,Skyworks Solutions,Information Technology,Semiconductors,"Woburn, Massachusetts",0000004127,https://en.wikipedia.org/wiki/Skyworks_Solutions
420,SLG,SL Green Realty,Real Estate,Office REITs,"New York, New York",0001040971,https://en.wikipedia.org/wiki/SL_Green_Realty
421,SNA,Snap-on,Industrials,Industrial Machinery,"Kenosha, Wisconsin",0000091440,https://en.wikipedia.org/wiki/Snap-on
422,SO,Southern Company,Utilities,Electric Utilities,"Atlanta, Georgia",0000092122,https://en.wikipedia.org/wiki/Southern_Company
423,LUV,Southwest Airlines,Industrials,Airlines,"Dallas, Texas",0000092380,https://en.wikipedia.org/wiki/Southwest_Airlines
424,SWK,Stanley Black & Decker,Industrials,Industrial Machinery,"New Britain, Connecticut",0000093556,https://en.wikipedia.org/wiki/Stanley_Black_%26_Decker
425,SBUX,Starbucks Corp.,Consumer Discretionary,Restaurants,"Seattle, Washington",0000829224,https://en.wikipedia.org/wiki/Starbucks_Corp.
426,STT,State Street Corp.,Financials,Asset Management & Custody Banks,"Boston, Massachusetts",0000093751,https://en.wikipedia.org/wiki/State_Street_Corp.
427,STE,STERIS plc,Health Care,Health Care Equipment,"Dublin, Ireland",0001757898,https://en.wikipedia.org/wiki/STERIS_plc
428,SYK,Stryker Corp.,Health Care,Health Care Equipment,"Kalamazoo, Michigan",0000310764,https://en.wikipedia.org/wiki/Stryker_Corp.
429,SIVB,SVB Financial,Financials,Regional Banks,"Santa Clara, California",0000719739,https://en.wikipedia.org/wiki/SVB_Financial
430,SYF,Synchrony Financial,Financials,Consumer Finance,"Stamford, Connecticut",0001601712,https://en.wikipedia.org/wiki/Synchrony_Financial
431,SNPS,Synopsys Inc.,Information Technology,Application Software,"Mountain View, California",0000883241,https://en.wikipedia.org/wiki/Synopsys_Inc.
432,SYY,Sysco Corp.,Consumer Staples,Food Distributors,"Houston, Texas",0000096021,https://en.wikipedia.org/wiki/Sysco_Corp.
433,TMUS,T-Mobile US,Communication Services,Wireless Telecommunication Services,"Bellevue, Washington",0001283699,https://en.wikipedia.org/wiki/T-Mobile_US
434,TROW,T. Rowe Price Group,Financials,Asset Management & Custody Banks,"Baltimore, Maryland",0001113169,https://en.wikipedia.org/wiki/T._Rowe_Price_Group
435,TTWO,Take-Two Interactive,Communication Services,Interactive Home Entertainment,"New York, New York",0000946581,https://en.wikipedia.org/wiki/Take-Two_Interactive
436,TPR,"Tapestry, Inc.",Consumer Discretionary,"Apparel, Accessories & Luxury Goods","New York, New York",0001116132,"https://en.wikipedia.org/wiki/Tapestry,_Inc."
437,TGT,Target Corp.,Consumer Discretionary,General Merchandise Stores,"Minneapolis, Minnesota",0000027419,https://en.wikipedia.org/wiki/Target_Corp.
438,TEL,TE Connectivity Ltd.,Information Technology,Electronic Manufacturing Services,"Schaffhausen, Switzerland",0001385157,https://en.wikipedia.org/wiki/TE_Connectivity
439,FTI,TechnipFMC,Energy,Oil & Gas Equipment & Services,"London, United Kingdom",0001681459,https://en.wikipedia.org/wiki/TechnipFMC
440,TFX,Teleflex,Health Care,Health Care Equipment,"Wayne, Pennsylvania",0000096943,https://en.wikipedia.org/wiki/Teleflex
441,TXN,Texas Instruments,Information Technology,Semiconductors,"Dallas, Texas",0000097476,https://en.wikipedia.org/wiki/Texas_Instruments
442,TXT,Textron Inc.,Industrials,Aerospace & Defense,"Providence, Rhode Island",0000217346,https://en.wikipedia.org/wiki/Textron_Inc.
443,TMO,Thermo Fisher Scientific,Health Care,Life Sciences Tools & Services,"Waltham, Massachusetts",0000097745,https://en.wikipedia.org/wiki/Thermo_Fisher_Scientific
444,TIF,Tiffany & Co.,Consumer Discretionary,"Apparel, Accessories & Luxury Goods","New York, New York",0000098246,https://en.wikipedia.org/wiki/Tiffany_%26_Co.
445,TJX,TJX Companies Inc.,Consumer Discretionary,Apparel Retail,"Framingham, Massachusetts",0000109198,https://en.wikipedia.org/wiki/TJX_Companies_Inc.
446,TSCO,Tractor Supply Company,Consumer Discretionary,Specialty Stores,"Brentwood, Tennessee",0000916365,https://en.wikipedia.org/wiki/Tractor_Supply_Company
447,TT,Trane Technologies plc,Industrials,Building Products,"Dublin, Ireland",0001466258,https://en.wikipedia.org/wiki/Trane_Technologies_plc
448,TDG,TransDigm Group,Industrials,Aerospace & Defense,"Cleveland, Ohio",0001260221,https://en.wikipedia.org/wiki/TransDigm_Group
449,TRV,The Travelers Companies Inc.,Financials,Property & Casualty Insurance,"New York, New York",0000086312,https://en.wikipedia.org/wiki/The_Travelers_Companies_Inc.
450,TFC,Truist Financial,Financials,Regional Banks,"Charlotte, North Carolina",0000092230,https://en.wikipedia.org/wiki/Truist_Financial
451,TWTR,"Twitter, Inc.",Communication Services,Interactive Media & Services,"San Francisco, California",0001418091,"https://en.wikipedia.org/wiki/Twitter,_Inc."
452,TSN,Tyson Foods,Consumer Staples,Packaged Foods & Meats,"Springdale, Arkansas",0000100493,https://en.wikipedia.org/wiki/Tyson_Foods
453,UDR,"UDR, Inc.",Real Estate,Residential REITs,"Highlands Ranch, Colorado",0000074208,"https://en.wikipedia.org/wiki/UDR,_Inc."
454,ULTA,Ulta Beauty,Consumer Discretionary,Specialty Stores,"Bolingbrook, Illinois",0001403568,https://en.wikipedia.org/wiki/Ulta_Beauty
455,USB,U.S. Bancorp,Financials,Diversified Banks,"Minneapolis, Minnesota",0000036104,https://en.wikipedia.org/wiki/U.S._Bancorp
456,UAA,Under Armour (Class A),Consumer Discretionary,"Apparel, Accessories & Luxury Goods","Baltimore, Maryland",0001336917,https://en.wikipedia.org/wiki/Under_Armour
457,UA,Under Armour (Class C),Consumer Discretionary,"Apparel, Accessories & Luxury Goods","Baltimore, Maryland",0001336917,https://en.wikipedia.org/wiki/Under_Armour
458,UNP,Union Pacific Corp,Industrials,Railroads,"Omaha, Nebraska",0000100885,https://en.wikipedia.org/wiki/Union_Pacific_Corp
459,UAL,United Airlines Holdings,Industrials,Airlines,"Chicago, Illinois",0000100517,https://en.wikipedia.org/wiki/United_Airlines_Holdings
460,UNH,United Health Group Inc.,Health Care,Managed Health Care,"Minnetonka, Minnesota",0000731766,https://en.wikipedia.org/wiki/United_Health_Group_Inc.
461,UPS,United Parcel Service,Industrials,Air Freight & Logistics,"Atlanta, Georgia",0001090727,https://en.wikipedia.org/wiki/United_Parcel_Service
462,URI,"United Rentals, Inc.",Industrials,Trading Companies & Distributors,"Stamford, Connecticut",0001067701,"https://en.wikipedia.org/wiki/United_Rentals,_Inc."
463,UHS,"Universal Health Services, Inc.",Health Care,Health Care Facilities,"King of Prussia, Pennsylvania",0000352915,"https://en.wikipedia.org/wiki/Universal_Health_Services,_Inc."
464,UNM,Unum Group,Financials,Life & Health Insurance,"Chattanooga, Tennessee",0000005513,https://en.wikipedia.org/wiki/Unum_Group
465,VFC,V.F. Corp.,Consumer Discretionary,"Apparel, Accessories & Luxury Goods","Greensboro, North Carolina",0000103379,https://en.wikipedia.org/wiki/V.F._Corp.
466,VLO,Valero Energy,Energy,Oil & Gas Refining & Marketing,"San Antonio, Texas",0001035002,https://en.wikipedia.org/wiki/Valero_Energy
467,VAR,Varian Medical Systems,Health Care,Health Care Equipment,"Palo Alto, California",0000203527,https://en.wikipedia.org/wiki/Varian_Medical_Systems
468,VTR,Ventas Inc,Real Estate,Health Care REITs,"Chicago, Illinois",0000740260,https://en.wikipedia.org/wiki/Ventas_Inc
469,VRSN,Verisign Inc.,Information Technology,Internet Services & Infrastructure,"Dulles, Virginia",0001014473,https://en.wikipedia.org/wiki/Verisign_Inc.
470,VRSK,Verisk Analytics,Industrials,Research & Consulting Services,"Jersey City, New Jersey",0001442145,https://en.wikipedia.org/wiki/Verisk_Analytics
471,VZ,Verizon Communications,Communication Services,Integrated Telecommunication Services,"New York, New York",0000732712,https://en.wikipedia.org/wiki/Verizon_Communications
472,VRTX,Vertex Pharmaceuticals Inc,Health Care,Biotechnology,"Cambridge, Massachusetts",0000875320,https://en.wikipedia.org/wiki/Vertex_Pharmaceuticals_Inc
473,VIAC,ViacomCBS,Communication Services,Movies & Entertainment,"New York, New York",0001339947,https://en.wikipedia.org/wiki/ViacomCBS
474,V,Visa Inc.,Information Technology,Data Processing & Outsourced Services,"San Francisco, California",0001403161,https://en.wikipedia.org/wiki/Visa_Inc.
475,VNO,Vornado Realty Trust,Real Estate,Office REITs,"New York, New York",0000899689,https://en.wikipedia.org/wiki/Vornado_Realty_Trust
476,VMC,Vulcan Materials,Materials,Construction Materials,"Birmingham, Alabama",0001396009,https://en.wikipedia.org/wiki/Vulcan_Materials
477,WRB,W. R. Berkley Corporation,Financials,Property & Casualty Insurance,"Greenwich, Connecticut",0000011544,https://en.wikipedia.org/wiki/W._R._Berkley_Corporation
478,WAB,Wabtec Corporation,Industrials,Construction Machinery & Heavy Trucks,"Wilmerding, Pennsylvania",0000943452,https://en.wikipedia.org/wiki/Wabtec_Corporation
479,WMT,Walmart,Consumer Staples,Hypermarkets & Super Centers,"Bentonville, Arkansas",0000104169,https://en.wikipedia.org/wiki/Walmart
480,WBA,Walgreens Boots Alliance,Consumer Staples,Drug Retail,"Deerfield, Illinois",0001618921,https://en.wikipedia.org/wiki/Walgreens_Boots_Alliance
481,DIS,The Walt Disney Company,Communication Services,Movies & Entertainment,"Burbank, California",0001001039,https://en.wikipedia.org/wiki/The_Walt_Disney_Company
482,WM,Waste Management Inc.,Industrials,Environmental & Facilities Services,"Houston, Texas",0000823768,https://en.wikipedia.org/wiki/Waste_Management_Inc.
483,WAT,Waters Corporation,Health Care,Health Care Distributors,"Milford, Massachusetts",0001000697,https://en.wikipedia.org/wiki/Waters_Corporation
484,WEC,WEC Energy Group,Utilities,Electric Utilities,"Milwaukee, Wisconsin",0000783325,https://en.wikipedia.org/wiki/WEC_Energy_Group
485,WFC,Wells Fargo,Financials,Diversified Banks,"San Francisco, California",0000072971,https://en.wikipedia.org/wiki/Wells_Fargo
486,WELL,Welltower Inc.,Real Estate,Health Care REITs,"Toledo, Ohio",0000766704,https://en.wikipedia.org/wiki/Welltower_Inc.
487,WST,West Pharmaceutical Services,Health Care,Health Care Supplies,"Exton, Pennsylvania",0000105770,https://en.wikipedia.org/wiki/West_Pharmaceutical_Services
488,WDC,Western Digital,Information Technology,"Technology Hardware, Storage & Peripherals","Irvine, California",0000106040,https://en.wikipedia.org/wiki/Western_Digital
489,WU,Western Union Co,Information Technology,Data Processing & Outsourced Services,"Englewood, Colorado",0001365135,https://en.wikipedia.org/wiki/Western_Union_Co
490,WRK,WestRock,Materials,Paper Packaging,"Richmond, Virginia",0001636023,https://en.wikipedia.org/wiki/WestRock
491,WY,Weyerhaeuser,Real Estate,Specialized REITs,"Federal Way, Washington",0000106535,https://en.wikipedia.org/wiki/Weyerhaeuser
492,WHR,Whirlpool Corp.,Consumer Discretionary,Household Appliances,"Benton Harbor, Michigan",0000106640,https://en.wikipedia.org/wiki/Whirlpool_Corp.
493,WMB,Williams Cos.,Energy,Oil & Gas Storage & Transportation,"Tulsa, Oklahoma",0000107263,https://en.wikipedia.org/wiki/Williams_Cos.
494,WLTW,Willis Towers Watson,Financials,Insurance Brokers,"London, United Kingdom",0001140536,https://en.wikipedia.org/wiki/Willis_Towers_Watson
495,WYNN,Wynn Resorts Ltd,Consumer Discretionary,Casinos & Gaming,"Paradise, Nevada",0001174922,https://en.wikipedia.org/wiki/Wynn_Resorts_Ltd
496,XEL,Xcel Energy Inc,Utilities,Multi-Utilities,"Minneapolis, Minnesota",0000072903,https://en.wikipedia.org/wiki/Xcel_Energy_Inc
497,XRX,Xerox,Information Technology,"Technology Hardware, Storage & Peripherals","Norwalk, Connecticut",0000108772,https://en.wikipedia.org/wiki/Xerox
498,XLNX,Xilinx,Information Technology,Semiconductors,"San Jose, California",0000743988,https://en.wikipedia.org/wiki/Xilinx
499,XYL,Xylem Inc.,Industrials,Industrial Machinery,"White Plains, New York",0001524472,https://en.wikipedia.org/wiki/Xylem_Inc.
500,YUM,Yum! Brands Inc,Consumer Discretionary,Restaurants,"Louisville, Kentucky",0001041061,https://en.wikipedia.org/wiki/Yum!_Brands_Inc
501,ZBRA,Zebra Technologies,Information Technology,Electronic Equipment & Instruments,"Lincolnshire, Illinois",0000877212,https://en.wikipedia.org/wiki/Zebra_Technologies
502,ZBH,Zimmer Biomet Holdings,Health Care,Health Care Equipment,"Warsaw, Indiana",0001136869,https://en.wikipedia.org/wiki/Zimmer_Holdings
503,ZION,Zions Bancorp,Financials,Regional Banks,"Salt Lake City, Utah",0000109380,https://en.wikipedia.org/wiki/Zions_Bancorp
504,ZTS,Zoetis,Health Care,Pharmaceuticals,"Florham Park, New Jersey",0001555280,https://en.wikipedia.org/wiki/Zoetis
